{
  "A_current": {
    "avg_content_length_mean": 17.9162662540068,
    "avg_content_length_std": 3.4756932666271427,
    "avg_content_length_n": 20,
    "endpoint_validity_mean": 0.04782608695652174,
    "endpoint_validity_std": 0.208469079908467,
    "endpoint_validity_n": 20,
    "generic_pattern_ratio_mean": 0.006020066889632107,
    "generic_pattern_ratio_std": 0.01881846808914408,
    "generic_pattern_ratio_n": 20,
    "mention_pattern_ratio_mean": 0.014577922077922079,
    "mention_pattern_ratio_std": 0.05442181216880679,
    "mention_pattern_ratio_n": 20,
    "parse_success_mean": 1.0,
    "parse_success_std": 0.0,
    "parse_success_n": 20,
    "prompt_tokens_mean": 1445.25,
    "prompt_tokens_std": 335.9507218328307,
    "prompt_tokens_n": 20,
    "relation_count_mean": 31.0,
    "relation_count_std": 18.923530326025322,
    "relation_count_n": 20,
    "response_length_mean": 1742.6,
    "response_length_std": 981.5623974052796,
    "response_length_n": 20,
    "_window_count": 20
  },
  "B_open_describe": {
    "avg_content_length_mean": 20.227096257228432,
    "avg_content_length_std": 5.287624982409665,
    "avg_content_length_n": 20,
    "endpoint_validity_mean": 0.0,
    "endpoint_validity_std": 0.0,
    "endpoint_validity_n": 20,
    "generic_pattern_ratio_mean": 0.0,
    "generic_pattern_ratio_std": 0.0,
    "generic_pattern_ratio_n": 20,
    "mention_pattern_ratio_mean": 0.06798614671655277,
    "mention_pattern_ratio_std": 0.11356059452397756,
    "mention_pattern_ratio_n": 20,
    "parse_success_mean": 1.0,
    "parse_success_std": 0.0,
    "parse_success_n": 20,
    "prompt_tokens_mean": 1356.95,
    "prompt_tokens_std": 336.01658813219325,
    "prompt_tokens_n": 20,
    "relation_count_mean": 32.3,
    "relation_count_std": 22.640892208568108,
    "relation_count_n": 20,
    "response_length_mean": 1885.3,
    "response_length_std": 1377.6016151268116,
    "response_length_n": 20,
    "_window_count": 20
  },
  "C_matrix_10types": {
    "avg_content_length_mean": 17.417227864523404,
    "avg_content_length_std": 7.854359689248989,
    "avg_content_length_n": 20,
    "endpoint_validity_mean": 0.7958976786230106,
    "endpoint_validity_std": 0.3411126422713895,
    "endpoint_validity_n": 20,
    "generic_pattern_ratio_mean": 0.001282051282051282,
    "generic_pattern_ratio_std": 0.005588331978898299,
    "generic_pattern_ratio_n": 20,
    "mention_pattern_ratio_mean": 0.027996935859839082,
    "mention_pattern_ratio_std": 0.0623410093965463,
    "mention_pattern_ratio_n": 20,
    "parse_success_mean": 1.0,
    "parse_success_std": 0.0,
    "parse_success_n": 20,
    "prompt_tokens_mean": 1499.75,
    "prompt_tokens_std": 336.1088923250916,
    "prompt_tokens_n": 20,
    "relation_count_mean": 30.6,
    "relation_count_std": 16.713467623446668,
    "relation_count_n": 20,
    "response_length_mean": 2328.7,
    "response_length_std": 976.0601467122812,
    "response_length_n": 20,
    "_window_count": 20
  },
  "D_few_shot": {
    "avg_content_length_mean": 14.59753307563877,
    "avg_content_length_std": 3.794894922827875,
    "avg_content_length_n": 20,
    "endpoint_validity_mean": 0.8849673954891815,
    "endpoint_validity_std": 0.17168118997510565,
    "endpoint_validity_n": 20,
    "generic_pattern_ratio_mean": 0.0036732456140350874,
    "generic_pattern_ratio_std": 0.01211250637450873,
    "generic_pattern_ratio_n": 20,
    "mention_pattern_ratio_mean": 0.08463668245042275,
    "mention_pattern_ratio_std": 0.09823719002649095,
    "mention_pattern_ratio_n": 20,
    "parse_success_mean": 1.0,
    "parse_success_std": 0.0,
    "parse_success_n": 20,
    "prompt_tokens_mean": 1756.65,
    "prompt_tokens_std": 335.9189299518561,
    "prompt_tokens_n": 20,
    "relation_count_mean": 29.3,
    "relation_count_std": 10.973149046650192,
    "relation_count_n": 20,
    "response_length_mean": 2336.65,
    "response_length_std": 855.6528662372375,
    "response_length_n": 20,
    "_window_count": 20
  },
  "E_triple_form": {
    "avg_content_length_mean": 0.0,
    "avg_content_length_std": 0.0,
    "avg_content_length_n": 20,
    "endpoint_validity_mean": 0.5818328468990608,
    "endpoint_validity_std": 0.22820705267764096,
    "endpoint_validity_n": 20,
    "generic_pattern_ratio_mean": 0.0,
    "generic_pattern_ratio_std": 0.0,
    "generic_pattern_ratio_n": 20,
    "mention_pattern_ratio_mean": 0.0,
    "mention_pattern_ratio_std": 0.0,
    "mention_pattern_ratio_n": 20,
    "parse_success_mean": 1.0,
    "parse_success_std": 0.0,
    "parse_success_n": 20,
    "prompt_tokens_mean": 1452.25,
    "prompt_tokens_std": 335.9507218328307,
    "prompt_tokens_n": 20,
    "relation_count_mean": 27.85,
    "relation_count_std": 11.028485843487308,
    "relation_count_n": 20,
    "response_length_mean": 2690.0,
    "response_length_std": 1080.0173609715725,
    "response_length_n": 20,
    "_window_count": 20
  }
}