{
  "A_current": {
    "action_accuracy_mean": 0.7666666666666667,
    "action_accuracy_std": 0.42295258468165065,
    "action_accuracy_n": 60,
    "confidence_mean": 0.3225,
    "confidence_std": 0.44030529181466804,
    "confidence_n": 60,
    "match_correct_mean": 0.8333333333333334,
    "match_correct_std": 0.37267799624996495,
    "match_correct_n": 24,
    "match_recalled_mean": 0.6666666666666666,
    "match_recalled_std": 0.4714045207910317,
    "match_recalled_n": 30,
    "parse_success_mean": 1.0,
    "parse_success_std": 0.0,
    "parse_success_n": 60,
    "prompt_tokens_mean": 818.45,
    "prompt_tokens_std": 422.61911240106815,
    "prompt_tokens_n": 60,
    "response_length_mean": 182.78333333333333,
    "response_length_std": 64.41379036269244,
    "response_length_n": 60,
    "_entry_count": 60
  },
  "B_criteria": {
    "action_accuracy_mean": 0.7833333333333333,
    "action_accuracy_std": 0.41197356981027583,
    "action_accuracy_n": 60,
    "confidence_mean": 0.6799999999999999,
    "confidence_std": 0.3853786017238978,
    "confidence_n": 60,
    "match_correct_mean": 0.717948717948718,
    "match_correct_std": 0.4499981737124165,
    "match_correct_n": 39,
    "match_recalled_mean": 0.9333333333333333,
    "match_recalled_std": 0.24944382578492943,
    "match_recalled_n": 30,
    "parse_success_mean": 1.0,
    "parse_success_std": 0.0,
    "parse_success_n": 60,
    "prompt_tokens_mean": 828.8833333333333,
    "prompt_tokens_std": 422.5705894351328,
    "prompt_tokens_n": 60,
    "response_length_mean": 188.76666666666668,
    "response_length_std": 38.128452484842455,
    "response_length_n": 60,
    "_entry_count": 60
  },
  "C_few_shot": {
    "action_accuracy_mean": 0.6166666666666667,
    "action_accuracy_std": 0.48619840486049404,
    "action_accuracy_n": 60,
    "confidence_mean": 0.795,
    "confidence_std": 0.267348087705897,
    "confidence_n": 60,
    "match_correct_mean": 0.5660377358490566,
    "match_correct_std": 0.4956198315684414,
    "match_correct_n": 53,
    "match_recalled_mean": 1.0,
    "match_recalled_std": 0.0,
    "match_recalled_n": 30,
    "parse_success_mean": 1.0,
    "parse_success_std": 0.0,
    "parse_success_n": 60,
    "prompt_tokens_mean": 974.5,
    "prompt_tokens_std": 422.60093468898054,
    "prompt_tokens_n": 60,
    "response_length_mean": 185.63333333333333,
    "response_length_std": 35.65995263909113,
    "response_length_n": 60,
    "_entry_count": 60
  },
  "D_content_compare": {
    "action_accuracy_mean": 0.7666666666666667,
    "action_accuracy_std": 0.42295258468165065,
    "action_accuracy_n": 60,
    "confidence_mean": 0.6649999999999999,
    "confidence_std": 0.4082789079375356,
    "confidence_n": 60,
    "match_correct_mean": 0.6904761904761905,
    "match_correct_std": 0.46229732949875235,
    "match_correct_n": 42,
    "match_recalled_mean": 0.9666666666666667,
    "match_recalled_std": 0.17950549357115014,
    "match_recalled_n": 30,
    "parse_success_mean": 1.0,
    "parse_success_std": 0.0,
    "parse_success_n": 60,
    "prompt_tokens_mean": 860.45,
    "prompt_tokens_std": 422.61911240106815,
    "prompt_tokens_n": 60,
    "response_length_mean": 201.93333333333334,
    "response_length_std": 61.83415093799075,
    "response_length_n": 60,
    "_entry_count": 60
  },
  "E_minimal": {
    "action_accuracy_mean": 0.75,
    "action_accuracy_std": 0.4330127018922193,
    "action_accuracy_n": 60,
    "confidence_mean": 0.6233333333333333,
    "confidence_std": 0.4302583203404929,
    "confidence_n": 60,
    "match_correct_mean": 0.6923076923076923,
    "match_correct_std": 0.4615384615384615,
    "match_correct_n": 39,
    "match_recalled_mean": 0.9,
    "match_recalled_std": 0.30000000000000004,
    "match_recalled_n": 30,
    "parse_success_mean": 1.0,
    "parse_success_std": 0.0,
    "parse_success_n": 60,
    "prompt_tokens_mean": 695.25,
    "prompt_tokens_std": 422.50079388485574,
    "prompt_tokens_n": 60,
    "response_length_mean": 184.2,
    "response_length_std": 41.31416222072039,
    "response_length_n": 60,
    "_entry_count": 60
  }
}