{
  "A_current": {
    "confidence_mean": 0.7721666666666667,
    "confidence_std": 0.26316719442632325,
    "confidence_n": 60,
    "decision_match_mean": 0.4,
    "decision_match_std": 0.48989794855663565,
    "decision_match_n": 60,
    "has_match_mean": 0.8166666666666667,
    "has_match_std": 0.38693955887479664,
    "has_match_n": 60,
    "has_relation_mean": 0.65,
    "has_relation_std": 0.47696960070847283,
    "has_relation_n": 60,
    "match_id_accuracy_mean": 0.8947368421052632,
    "match_id_accuracy_std": 0.30689220499185793,
    "match_id_accuracy_n": 38,
    "parse_success_mean": 1.0,
    "parse_success_std": 0.0,
    "parse_success_n": 60,
    "prompt_tokens_mean": 1759.5166666666667,
    "prompt_tokens_std": 286.55601498175224,
    "prompt_tokens_n": 60,
    "response_length_mean": 304.1,
    "response_length_std": 122.86451888157134,
    "response_length_n": 60,
    "_entry_count": 60
  },
  "B_structured": {
    "confidence_mean": 0.7641666666666667,
    "confidence_std": 0.1602320366080253,
    "confidence_n": 60,
    "decision_match_mean": 0.18333333333333332,
    "decision_match_std": 0.38693955887479664,
    "decision_match_n": 60,
    "has_match_mean": 0.7833333333333333,
    "has_match_std": 0.41197356981027583,
    "has_match_n": 60,
    "has_relation_mean": 0.9833333333333333,
    "has_relation_std": 0.12801909579781015,
    "has_relation_n": 60,
    "match_id_accuracy_mean": 0.8421052631578947,
    "match_id_accuracy_std": 0.36464227527765836,
    "match_id_accuracy_n": 38,
    "parse_success_mean": 1.0,
    "parse_success_std": 0.0,
    "parse_success_n": 60,
    "prompt_tokens_mean": 1961.95,
    "prompt_tokens_std": 286.4912695004858,
    "prompt_tokens_n": 60,
    "response_length_mean": 421.9,
    "response_length_std": 160.6445040039237,
    "response_length_n": 60,
    "_entry_count": 60
  },
  "C_criteria": {
    "confidence_mean": 0.6816666666666666,
    "confidence_std": 0.2883814988671931,
    "confidence_n": 60,
    "decision_match_mean": 0.18333333333333332,
    "decision_match_std": 0.38693955887479664,
    "decision_match_n": 60,
    "has_match_mean": 0.7166666666666667,
    "has_match_std": 0.4506168611531925,
    "has_match_n": 60,
    "has_relation_mean": 0.9833333333333333,
    "has_relation_std": 0.12801909579781015,
    "has_relation_n": 60,
    "match_id_accuracy_mean": 0.8421052631578947,
    "match_id_accuracy_std": 0.36464227527765836,
    "match_id_accuracy_n": 38,
    "parse_success_mean": 1.0,
    "parse_success_std": 0.0,
    "parse_success_n": 60,
    "prompt_tokens_mean": 2057.8166666666666,
    "prompt_tokens_std": 286.4575298170549,
    "prompt_tokens_n": 60,
    "response_length_mean": 412.45,
    "response_length_std": 155.38118987402132,
    "response_length_n": 60,
    "_entry_count": 60
  },
  "D_few_shot": {
    "confidence_mean": 0.8325,
    "confidence_std": 0.1488357595920192,
    "confidence_n": 60,
    "decision_match_mean": 0.18333333333333332,
    "decision_match_std": 0.38693955887479664,
    "decision_match_n": 60,
    "has_match_mean": 0.8,
    "has_match_std": 0.4,
    "has_match_n": 60,
    "has_relation_mean": 0.95,
    "has_relation_std": 0.21794494717703367,
    "has_relation_n": 60,
    "match_id_accuracy_mean": 0.8421052631578947,
    "match_id_accuracy_std": 0.36464227527765836,
    "match_id_accuracy_n": 38,
    "parse_success_mean": 1.0,
    "parse_success_std": 0.0,
    "parse_success_n": 60,
    "prompt_tokens_mean": 2352.4333333333334,
    "prompt_tokens_std": 286.55472814494306,
    "prompt_tokens_n": 60,
    "response_length_mean": 286.71666666666664,
    "response_length_std": 60.25531557925454,
    "response_length_n": 60,
    "_entry_count": 60
  },
  "E_reasoning": {
    "confidence_mean": 0.8408333333333334,
    "confidence_std": 0.10858624324573633,
    "confidence_n": 60,
    "decision_match_mean": 0.18333333333333332,
    "decision_match_std": 0.38693955887479664,
    "decision_match_n": 60,
    "has_match_mean": 0.7833333333333333,
    "has_match_std": 0.41197356981027583,
    "has_match_n": 60,
    "has_relation_mean": 0.9833333333333333,
    "has_relation_std": 0.12801909579781015,
    "has_relation_n": 60,
    "match_id_accuracy_mean": 0.868421052631579,
    "match_id_accuracy_std": 0.3380324362806613,
    "match_id_accuracy_n": 38,
    "parse_success_mean": 1.0,
    "parse_success_std": 0.0,
    "parse_success_n": 60,
    "prompt_tokens_mean": 1944.3666666666666,
    "prompt_tokens_std": 286.514104752667,
    "prompt_tokens_n": 60,
    "response_length_mean": 410.21666666666664,
    "response_length_std": 152.28909915756356,
    "response_length_n": 60,
    "_entry_count": 60
  }
}