{
  "A_current": {
    "avg_content_length_mean": 19.583628134565725,
    "avg_content_length_std": 5.807297605846095,
    "avg_content_length_n": 20,
    "concept_diversity_mean": 5.85,
    "concept_diversity_std": 6.46741834119303,
    "concept_diversity_n": 20,
    "entity_count_mean": 30.8,
    "entity_count_std": 16.55475762432057,
    "entity_count_n": 20,
    "name_type_coverage_mean": 0.45495971586575135,
    "name_type_coverage_std": 0.4557841627726438,
    "name_type_coverage_n": 20,
    "noise_entity_ratio_mean": 0.004193093727977449,
    "noise_entity_ratio_std": 0.01389655850308392,
    "noise_entity_ratio_n": 20,
    "parse_success_mean": 1.0,
    "parse_success_std": 0.0,
    "parse_success_n": 20,
    "prompt_tokens_mean": 1298.55,
    "prompt_tokens_std": 59.90281712908,
    "prompt_tokens_n": 20,
    "response_length_mean": 1746.6,
    "response_length_std": 1024.7211035203677,
    "response_length_n": 20,
    "_window_count": 20
  },
  "B_one_line_def": {
    "avg_content_length_mean": 15.005574201613447,
    "avg_content_length_std": 3.7485475633134775,
    "avg_content_length_n": 20,
    "concept_diversity_mean": 0.1,
    "concept_diversity_std": 0.3,
    "concept_diversity_n": 20,
    "entity_count_mean": 29.0,
    "entity_count_std": 8.12403840463596,
    "entity_count_n": 20,
    "name_type_coverage_mean": 0.003935185185185185,
    "name_type_coverage_std": 0.011828228047260385,
    "name_type_coverage_n": 20,
    "noise_entity_ratio_mean": 0.0015151515151515152,
    "noise_entity_ratio_std": 0.00660439233869799,
    "noise_entity_ratio_n": 20,
    "parse_success_mean": 1.0,
    "parse_success_std": 0.0,
    "parse_success_n": 20,
    "prompt_tokens_mean": 1393.65,
    "prompt_tokens_std": 59.74301214368087,
    "prompt_tokens_n": 20,
    "response_length_mean": 1439.45,
    "response_length_std": 407.10495882511674,
    "response_length_n": 20,
    "_window_count": 20
  },
  "C_full_taxonomy": {
    "avg_content_length_mean": 14.080609159041185,
    "avg_content_length_std": 5.154979355592644,
    "avg_content_length_n": 20,
    "concept_diversity_mean": 5.684210526315789,
    "concept_diversity_std": 1.3785053530219784,
    "concept_diversity_n": 19,
    "entity_count_mean": 28.8,
    "entity_count_std": 10.83789647487002,
    "entity_count_n": 20,
    "name_type_coverage_mean": 0.9486486486486486,
    "name_type_coverage_std": 0.21771440403401437,
    "name_type_coverage_n": 20,
    "noise_entity_ratio_mean": 0.05217391304347826,
    "noise_entity_ratio_std": 0.21765201757884917,
    "noise_entity_ratio_n": 20,
    "parse_success_mean": 0.95,
    "parse_success_std": 0.21794494717703367,
    "parse_success_n": 20,
    "prompt_tokens_mean": 1409.8,
    "prompt_tokens_std": 59.71147293443698,
    "prompt_tokens_n": 20,
    "response_length_mean": 1722.8,
    "response_length_std": 570.3097053356186,
    "response_length_n": 20,
    "_window_count": 20
  },
  "D_few_shot": {
    "avg_content_length_mean": 12.556910463683504,
    "avg_content_length_std": 1.9749519756203406,
    "avg_content_length_n": 20,
    "concept_diversity_mean": 6.8,
    "concept_diversity_std": 2.5612496949731396,
    "concept_diversity_n": 20,
    "entity_count_mean": 23.55,
    "entity_count_std": 5.152426612771889,
    "entity_count_n": 20,
    "name_type_coverage_mean": 0.95,
    "name_type_coverage_std": 0.21794494717703367,
    "name_type_coverage_n": 20,
    "noise_entity_ratio_mean": 0.016129032258064516,
    "noise_entity_ratio_std": 0.07030482167001087,
    "noise_entity_ratio_n": 20,
    "parse_success_mean": 1.0,
    "parse_success_std": 0.0,
    "parse_success_n": 20,
    "prompt_tokens_mean": 1720.0,
    "prompt_tokens_std": 59.810534189221215,
    "prompt_tokens_n": 20,
    "response_length_mean": 1213.6,
    "response_length_std": 254.15573965582598,
    "response_length_n": 20,
    "_window_count": 20
  },
  "E_role_catalog": {
    "avg_content_length_mean": 15.907555990083921,
    "avg_content_length_std": 2.45560507021093,
    "avg_content_length_n": 20,
    "concept_diversity_mean": 8.95,
    "concept_diversity_std": 3.2011716605018234,
    "concept_diversity_n": 20,
    "entity_count_mean": 31.85,
    "entity_count_std": 14.977566558022701,
    "entity_count_n": 20,
    "name_type_coverage_mean": 0.9981481481481481,
    "name_type_coverage_std": 0.008072035080630889,
    "name_type_coverage_n": 20,
    "noise_entity_ratio_mean": 0.0,
    "noise_entity_ratio_std": 0.0,
    "noise_entity_ratio_n": 20,
    "parse_success_mean": 1.0,
    "parse_success_std": 0.0,
    "parse_success_n": 20,
    "prompt_tokens_mean": 1319.55,
    "prompt_tokens_std": 59.90281712908,
    "prompt_tokens_n": 20,
    "response_length_mean": 1748.3,
    "response_length_std": 762.6096052371751,
    "response_length_n": 20,
    "_window_count": 20
  }
}